segment_type,segment,viewed_item,added_to_cart,began_checkout,purchased,median_hours_view_to_purchase,view_to_cart,cart_to_checkout,checkout_to_purchase,view_to_purchase
All users,All,61252,12538,5034,2856,1.02,0.2047,0.4015,0.5673,0.0466
Device,desktop,35710,7248,2900,1629,1.14,0.203,0.4001,0.5617,0.0456
Device,mobile,24152,5016,2025,1159,0.77,0.2077,0.4037,0.5723,0.048
Device,tablet,1390,274,109,68,2.08,0.1971,0.3978,0.6239,0.0489
Medium,organic,22032,4295,1677,953,1.02,0.1949,0.3905,0.5683,0.0433
Medium,(none),14284,2990,1178,662,0.9,0.2093,0.394,0.562,0.0463
Medium,referral,10004,2115,891,520,1.32,0.2114,0.4213,0.5836,0.052
Medium,<Other>,9721,1968,774,417,0.58,0.2024,0.3933,0.5388,0.0429
Medium,cpc,2908,557,223,126,0.61,0.1915,0.4004,0.565,0.0433
Medium,(data deleted),2303,613,291,178,14.34,0.2662,0.4747,0.6117,0.0773
Month,2020-11,21440,2685,1249,758,153.66,0.1252,0.4652,0.6069,0.0354
Month,2020-12,21359,6479,2543,1412,0.72,0.3033,0.3925,0.5552,0.0661
Month,2021-01,18453,3374,1242,686,0.46,0.1828,0.3681,0.5523,0.0372
User type,New,52134,10041,3780,2044,0.68,0.1926,0.3765,0.5407,0.0392
User type,Returning,9118,2497,1254,812,14.34,0.2739,0.5022,0.6475,0.0891
